Patient_ID,RP_Theta_1,RP_Theta_2,RP_Theta_3,RP_Theta_4,RP_Theta_5,RP_Theta_6,RP_Theta_7,RP_Theta_8,RP_Theta_9,RP_Theta_10,RP_Theta_11,RP_Theta_12,RP_Theta_13,RP_Theta_14,RP_Theta_15,RP_Theta_16,RP_Theta_17,RP_Theta_18,RP_Theta_19,RP_Theta_20,RP_Theta_21
F:/Project/eeg-during-mental-arithmetic-tasks/eeg-during-mental-arithmetic-tasks/EDF/EDF/Subject04_1.edf,0.418661686879228,0.3836509459259302,0.3835201002927544,0.3608595060370342,0.4120027034802409,0.39686509453011926,0.351801632780497,0.3314981685684972,0.30258325442412703,0.31215021686651184,0.34754828323785,0.2986386150623467,0.2681813712247926,0.22675859549595168,0.21312148615527962,0.24927624323067504,0.39056020761719384,0.3169778120434,0.21508403573338541,0.38290554446999175,0.27916081421597133
F:/Project/eeg-during-mental-arithmetic-tasks/eeg-during-mental-arithmetic-tasks/EDF/EDF/Subject05_1.edf,0.34118791045263414,0.28267877393998453,0.3358570832936554,0.3500942823184444,0.31917845614721846,0.32755349788938587,0.2973064310456902,0.27166276784378923,0.26577533959589106,0.23752171243365228,0.1610525593455211,0.19416815821876776,0.12356548569461935,0.10664924567580206,0.06942434844773739,0.06562205755010701,0.35089990959519046,0.28324976231883603,0.13780451159245272,0.31598857554203025,0.29387926748330767
