Patient_ID,RP_Theta_1,RP_Theta_2,RP_Theta_3,RP_Theta_4,RP_Theta_5,RP_Theta_6,RP_Theta_7,RP_Theta_8,RP_Theta_9,RP_Theta_10,RP_Theta_11,RP_Theta_12,RP_Theta_13,RP_Theta_14,RP_Theta_15,RP_Theta_16,RP_Theta_17,RP_Theta_18,RP_Theta_19,RP_Theta_20,RP_Theta_21
F:/Project/eeg-during-mental-arithmetic-tasks/eeg-during-mental-arithmetic-tasks/EDF/EDF/Subject04_2.edf,0.38333983175075964,0.44289163518833,0.4564530424242778,0.4423549908061691,0.4473259916272763,0.434491801192511,0.36738873427030594,0.35532509044341853,0.3054213470201252,0.368767660361904,0.3216160405742302,0.260147708536383,0.3683556297260391,0.256664073162739,0.22933981425853822,0.21400301288268017,0.48153832533584384,0.382493010838204,0.2548140760828715,0.4425664864821077,0.26193068599339336
F:/Project/eeg-during-mental-arithmetic-tasks/eeg-during-mental-arithmetic-tasks/EDF/EDF/Subject05_2.edf,0.4415039247767861,0.4318038848849937,0.39541012429988326,0.3532826380095271,0.4466377391157709,0.366012911823698,0.35906140296057665,0.28289910901659654,0.32524133124163274,0.2690990970373242,0.3155695406224111,0.14424792860625754,0.16282714099050677,0.10803134615247469,0.058999959014489754,0.04733478778299522,0.3959827335741551,0.34760370876623153,0.1765428516633675,0.29596864083464924,0.28310506581468353
