,EEG Fp1,EEG Fp2,EEG F3,EEG F4,EEG F7,EEG F8,EEG T3,EEG T4,EEG C3,EEG C4,EEG T5,EEG T6,EEG P3,EEG P4,EEG O1,EEG O2,EEG Fz,EEG Cz,EEG Pz,EEG A2-A1
Subject04_1.edf,1.7174133590493235,1.6421895736985768,1.7255661021363804,1.736203995082375,1.7174999464636214,1.6098306010641652,1.7246587504289626,1.715737843384585,1.7525211236815221,1.7606653031058368,1.7160247367742711,1.673176358385735,1.7617370486835036,1.7681754202925666,1.7851828387775461,1.7307440866035586,1.7438860189687013,1.7484475648721958,1.7660362295862329,1.69052044745699
Subject05_1.edf,1.6214336119035595,1.8303787593515133,1.7443732474504614,1.775150815548236,1.6141148115126915,1.6686510499635534,1.709117238995297,1.7768506038910055,1.7977459388072456,1.8024298136380708,1.820407997361894,1.8202655055724137,1.8244430196970705,1.8385846924349805,1.8529390099400658,1.8558159420901876,1.725098381977626,1.7910645666059226,1.7925503251344217,1.7237974947375392
