,EEG Fp1,EEG Fp2,EEG F3,EEG F4,EEG F7,EEG F8,EEG T3,EEG T4,EEG C3,EEG C4,EEG T5,EEG T6,EEG P3,EEG P4,EEG O1,EEG O2,EEG Fz,EEG Cz,EEG Pz,EEG A2-A1
Subject05_1.edf,1.6214336119035595,1.8303787593515133,1.7443732474504614,1.775150815548236,1.6141148115126915,1.6686510499635534,1.709117238995297,1.7768506038910055,1.7977459388072456,1.8024298136380708,1.820407997361894,1.8202655055724137,1.8244430196970705,1.8385846924349805,1.8529390099400658,1.8558159420901876,1.725098381977626,1.7910645666059226,1.7925503251344217,1.7237974947375392
Subject06_1.edf,1.715940122876317,1.716064854004932,1.695298694791396,1.7605116347960656,1.6578812116885366,1.7414280714390113,1.704742789670243,1.7744060971340683,1.7516784302924273,1.7509912741916986,1.748426400394215,1.7998948224591371,1.7827457529699484,1.7745299413422004,1.814919940717086,1.8019085694877521,1.748532650234192,1.7559772160573095,1.7813610745993118,1.7495041980888106
