Patient_ID,EEG Fp1,EEG Fp2,EEG F3,EEG F4,EEG F7,EEG F8,EEG T3,EEG T4,EEG C3,EEG C4,EEG T5,EEG T6,EEG P3,EEG P4,EEG O1,EEG O2,EEG Fz,EEG Cz,EEG Pz,EEG A2-A1,ECG ECG
Subject05_1,0.34118791045263414,0.28267877393998453,0.3358570832936554,0.3500942823184444,0.31917845614721846,0.32755349788938587,0.2973064310456902,0.27166276784378923,0.26577533959589106,0.23752171243365228,0.1610525593455211,0.19416815821876776,0.12356548569461935,0.10664924567580206,0.06942434844773739,0.06562205755010701,0.35089990959519046,0.28324976231883603,0.13780451159245272,0.31598857554203025,0.29387926748330767
Subject06_1,0.4276508704327167,0.45387237579180256,0.4219422970162855,0.3888558251672259,0.45026945547874436,0.3855211193372524,0.37775883534203764,0.2831833687259832,0.34390714753622376,0.32582798249686196,0.3075868430477964,0.19411000244831908,0.22800226240403906,0.22935123215229802,0.17977433976259283,0.1934266496854695,0.4105331604511684,0.3548744363740915,0.243182726853607,0.2815501806078961,0.3454180227441073
