,EEG Fp1,EEG Fp2,EEG F3,EEG F4,EEG F7,EEG F8,EEG T3,EEG T4,EEG C3,EEG C4,EEG T5,EEG T6,EEG P3,EEG P4,EEG O1,EEG O2,EEG Fz,EEG Cz,EEG Pz,EEG A2-A1
Subject04_2.edf,1.7946640881132898,1.610278877279721,1.78257016363183,1.7639597930910966,1.7132267674244102,1.648013770551798,1.7846843717633116,1.762267795554446,1.7806902315087307,1.789354685655968,1.7500526394462241,1.7478872532159098,1.8048856326365523,1.7917680208922258,1.7936538152954846,1.797740678720627,1.7765413226620335,1.7781428967718926,1.784048456727346,1.730059899684418
Subject05_2.edf,1.5877757247091986,1.617592283940586,1.735966779998939,1.7598390036595737,1.5841228692983516,1.6964364742256046,1.7162958477119374,1.777832769369927,1.7882970658861357,1.7945694745974203,1.6839238073370193,1.824936032476,1.8123526225100346,1.8333883141190546,1.8525829705143513,1.858312854279097,1.7425149042196926,1.7910261546226482,1.739765582533574,1.7565499033451386
