,EEG Fp1,EEG Fp2,EEG F3,EEG F4,EEG F7,EEG F8,EEG T3,EEG T4,EEG C3,EEG C4,EEG T5,EEG T6,EEG P3,EEG P4,EEG O1,EEG O2,EEG Fz,EEG Cz,EEG Pz,EEG A2-A1
Subject05_2.edf,1.5877757247091986,1.617592283940586,1.735966779998939,1.7598390036595737,1.5841228692983516,1.6964364742256046,1.7162958477119374,1.777832769369927,1.7882970658861357,1.7945694745974203,1.6839238073370193,1.824936032476,1.8123526225100346,1.8333883141190546,1.8525829705143513,1.858312854279097,1.7425149042196926,1.7910261546226482,1.739765582533574,1.7565499033451386
Subject06_2.edf,1.5925335633589592,1.7316498442959116,1.7711383919744765,1.7560002519656424,1.6568043485915878,1.7153559047468898,1.7873537339679126,1.7574864072962224,1.7379866854967743,1.7492866833421212,1.790032773693301,1.741378514922371,1.7627004228053358,1.7642809258203482,1.8304968696594717,1.7875136945830654,1.7464464376635835,1.7394622263762831,1.7874675049717086,1.7927132533935195
