Patient_ID,EEG Fp1,EEG Fp2,EEG F3,EEG F4,EEG F7,EEG F8,EEG T3,EEG T4,EEG C3,EEG C4,EEG T5,EEG T6,EEG P3,EEG P4,EEG O1,EEG O2,EEG Fz,EEG Cz,EEG Pz,EEG A2-A1,ECG ECG
Subject05_2,0.4415039247767861,0.4318038848849937,0.39541012429988326,0.3532826380095271,0.4466377391157709,0.366012911823698,0.35906140296057665,0.28289910901659654,0.32524133124163274,0.2690990970373242,0.3155695406224111,0.14424792860625754,0.16282714099050677,0.10803134615247469,0.058999959014489754,0.04733478778299522,0.3959827335741551,0.34760370876623153,0.1765428516633675,0.29596864083464924,0.28310506581468353
Subject06_2,0.40738701874409355,0.3489223504373227,0.29626204530318045,0.3806431096602073,0.38501441712653534,0.3722158674816712,0.2793372179614788,0.2687405168171258,0.3475336146477618,0.33198856806296545,0.22580062266562678,0.2560171169599314,0.2940189363832198,0.25689583347175377,0.21391567966296224,0.19756973106770248,0.39678637713971415,0.37591838401971717,0.263160486219755,0.22201121026491574,0.31819765843804365
